{"cameraMode":{"drawMode":0,"name":"Shaded","section":"Shading Mode"},"sceneLighting":false,"audioPlay":false,"sceneViewState":{"showFog":true,"showMaterialUpdate":false,"showSkybox":true,"showFlares":true,"showImageEffects":true,"showParticleSystems":true},"in2DMode":false,"pivot":{"x":-0.38515549898147585,"y":-2.3314671516418459,"z":11.923002243041993},"rotation":{"x":-0.20141379535198213,"y":0.00940106250345707,"z":-0.001933115883730352,"w":-0.9794592261314392},"size":40.284202575683597,"orthographic":false}